<?xml version="1.0" encoding="UTF-8"?>
<beans xmlns="http://www.springframework.org/schema/beans"
	xmlns:xsi="http://www.w3.org/2001/XMLSchema-instance"
	xmlns:aop="http://www.springframework.org/schema/aop"
	xmlns:jdbc="http://www.springframework.org/schema/jdbc"
	xmlns:tx="http://www.springframework.org/schema/tx"
	xmlns:context="http://www.springframework.org/schema/context"
	xsi:schemaLocation="http://www.springframework.org/schema/jdbc http://www.springframework.org/schema/jdbc/spring-jdbc-4.3.xsd
		http://www.springframework.org/schema/beans https://www.springframework.org/schema/beans/spring-beans.xsd
		http://www.springframework.org/schema/context http://www.springframework.org/schema/context/spring-context-4.3.xsd
		http://www.springframework.org/schema/aop http://www.springframework.org/schema/aop/spring-aop-4.3.xsd
		http://www.springframework.org/schema/tx http://www.springframework.org/schema/tx/spring-tx-4.3.xsd">
	
	<!-- Root Context: defines shared resources visible to all other web components -->
	<!-- Root Context: defines shared resources visible to all other web components -->
			<!--  Data Source -->
	<bean id = "dataSource" class = "org.apache.commons.dbcp2.BasicDataSource">
		<property name = "driverClassName">
			<value>oracle.jdbc.driver.OracleDriver</value>
		</property>
		<property name = "url">
			<value>jdbc:oracle:thin:@168.126.146.45:1521:orcl</value>
		</property>
		<property name = "username">
			<value>20150001</value>
		</property>
		<property name = "password">
			<value>960323</value>
		</property>
		</bean>
		
		<!--  Transaction 설정 --> 
		<bean id  = "transactionManager"
		class = "org.springframework.jdbc.datasource.DataSourceTransactionManager">
			<property name="dataSource" ref = "dataSource"/>
		
		</bean>
		
		<!--  define the sqlSessionFactory -->
		<bean id = "sqlSessionFactory" class = "org.mybatis.spring.SqlSessionFactoryBean">
			<property name = "dataSource" ref = "dataSource"/>
			<property name = "typeAliasesPackage" value = "com.dla.daisseo.model"/>
			<property name = "mapperLocations">
				<list>
					<value>classpath*:mybatis/*Mapper.xml</value>
				</list>
			</property>
		</bean>


		<bean class = "org.mybatis.spring.mapper.MapperScannerConfigurer">
			<property name = "basePackage" value = "com.dla.daisseo.mapper"/>
		</bean>
		
			
</beans>
