<?xml version="1.0" encoding="UTF-8"?>


<!DOCTYPE mapper PUBLIC "-//mybatis.org//DTD Mapper 3.0//EN" "http://mybatis.org/dtd/mybatis-3-mapper.dtd">

<mapper namespace="com.dla.daisseo.mapper.MemberMapper">

<!--회원가입 -->
	<insert id="insertMember">
		insert into member_da(mem_id, mem_pwd, mem_name, mem_email, mem_ph, mem_gender, mem_birth, mem_zip, mem_addr1, mem_addr2)
		values (#{mem_id}, #{mem_pwd}, #{mem_name}, #{mem_email}, #{mem_ph}, #{mem_gender}, #{mem_birth}, #{mem_zip}, #{mem_addr1}, #{mem_addr2})
		
	</insert>
	
<!--중복확인을 위한 DB에서 ID 가지고 오기 -->	
	<select id="getMember" parameterType="String" resultType="Member_daVo">
		select *
		from member_da
		where mem_id = #{mem_id}
	</select>
	

	<select id="findId" parameterType="Member_daVo"  resultType="Member_daVo">
		select * 
		from member_da
		where mem_name = #{mem_name} and mem_email = #{mem_email}
	</select>


	<select id="findPwd" parameterType="Member_daVo" resultType="Member_daVo">
     	select * 
     	from member_da 
     	where mem_id = #{mem_id} and mem_email = #{mem_email}
	</select>
	

	<update id="pwdUpdate" parameterType="String">
   		update member_da set mem_pwd = #{mem_pwd} where mem_id = #{mem_id}
	</update>
	
	
	
	<select id = "pointSelect" parameterType = "String" resultType = "Member_daVo">
		select mem_cash, mem_id from member_da where mem_id = #{mem_id}
	</select>
	<!-- 일단 안씀 -->
	
	<update id = "pointupdate" parameterType="Member_daVo">	
		update member_da set mem_cash = #{mem_cash} where mem_id = #{mem_id}
	</update>
	
	<select id = "getmylename" parameterType="int" resultType="Member_daVo">
		select myle_name from mylegrade_da where myle_num = #{myle_num}	
	</select>

</mapper>
	
