<?xml version="1.0" encoding="UTF-8"?>

<!DOCTYPE mapper PUBLIC "-//mybatis.org//DTD Mapper 3.0//EN" "http://mybatis.org/dtd/mybatis-3-mapper.dtd">


<mapper namespace="com.dla.daisseo.mapper.MyinfoMapper">

	<!-- 장바구니 리스트 목록 -->
	<select id = "cartList" resultType = "Shopping_basket_daVo">
	select proj_img_1, proj_name, proj_tm, bas_count, bas_date, proj_delok, bas_num, proj_num
	from project_da join (select * from shopping_basket_da where mem_id = #{mem_id}) using(proj_num) order by bas_num desc
	</select>
	
<!-- 장바구니 리스트 삭제 -->
	<delete id="deleteCart">
	 delete shopping_basket_da where bas_num = #{bas_num} and mem_id = #{mem_id}
	</delete>

<!--bas_num 에서 받을 값을 이용해서 주문테이블에 넣을 값을 찾음 -->
	<select id = "ShoppingOrder" parameterType="int" resultType = "Shopping_orderVo">
	select proj_num, bas_count, proj_tm*bas_count+proj_delok as join_amount from project_da  join shopping_basket_da using(proj_num) where bas_num = #{bas_num}
	</select>
	
<!--장바구니에서 구매하기  -->
	<insert id="cartlistorder">
	insert into project_join_da (join_num, proj_num, mem_id, join_jdate, join_count, join_amount)
	values(#{join_num}, #{proj_num}, #{mem_id}, sysdate, #{join_count}, #{join_amount})
	</insert>
	
	<!--  리스트 -->
  <select id = "list" parameterType="ListVo" resultType="ListVo">
  
  		<if test = "tableName == 'UploadList'.toString()">
select rnum, proj_num, proj_name, proj_tm, proj_count, proj_img_1, proj_jdate, review_star_avg from((select rownum as rnum, proj_num, proj_name, proj_tm, proj_count, proj_img_1, proj_jdate
from project_da where mem_id = #{mem_id} 
	<if test = "keyword != null">
		and proj_name like '%'||#{keyword}||'%'
 	</if>
) left outer join (select proj_num, nvl(trunc(avg(review_star),0),0) as review_star_avg from review_da group by proj_num) using(proj_num)) 
where rnum between #{startRow} and #{endRow} order by proj_jdate desc
	   </if>


  		<if test = "tableName == 'orderManagement'.toString()">	
select rnum, join_num, proj_num,  proj_count, mem_name, join_count, join_amount, mem_zip, mem_addr1, mem_addr2, join_delivery from(select rownum as rnum, join_num, proj_num,  proj_count, mem_name, join_count, join_amount, mem_zip, mem_addr1, mem_addr2, join_delivery  
from project_join_da join member_da using(mem_id) join project_da using(proj_num) where proj_num = #{proj_num}
		<if test = "keyword != null">
       <choose>  
          <when test="type == 'join_delivery'"> AND join_delivery like '%'||#{keyword}||'%' </when>
          <when test="type == 'mem_id'"> AND mem_id like '%'||#{keyword}||'%' </when>
          <when test="type == 'mem_name'">AND mem_name  like '%'||#{keyword}||'%' </when>
       </choose>
		</if>
) where rnum between #{startRow} and #{endRow}
  		</if> 


  		<if test = "tableName == 'productlist'.toString()">
select rnum, proj_name, review_star_avg, proj_count, proj_tm, proj_img_1, proj_num, proj_jdate from(
select rownum as rnum, proj_name, review_star_avg, proj_count, proj_tm, proj_img_1, proj_num,  proj_jdate from project_da 
left outer join(select proj_num, nvl(trunc(avg(review_star),0),0) as review_star_avg from review_da group by proj_num) using(proj_num)
		<if test = "keyword != null">
		where proj_name like '%'||#{keyword}||'%'
		</if>
) where rnum between #{startRow} and #{endRow} order by proj_jdate desc
		</if>
		
		

  		<if test = "tableName == 'orderlist'.toString()">
select rnum, join_jdate, proj_name, review_star_avg, join_count, join_amount, join_delivery, proj_img_1, proj_num, join_num from(select ROWNUM AS rnum, join_jdate, proj_name, review_star_avg, join_count, join_amount, join_delivery, proj_img_1, proj_num, join_num from project_da 
join(select * from project_join_da where mem_id = #{mem_id}) using(proj_num) 
left outer join(select proj_num, nvl(trunc(avg(review_star),0),0) as review_star_avg from review_da group by proj_num) using(proj_num) 
		<if test = "keyword != null">
		where proj_name like '%'||#{keyword}||'%'
		</if>
) where rnum between #{startRow} and #{endRow} order by join_jdate desc
		</if>
		
		<if test = "tableName =='reviewlist'.toString()">
  	<![CDATA[  
		select rnum, rpad(substr(mem_id, 1,3) ,length(mem_id),'*') as mem_id, review_content, review_star, review_jdate, review_num from(select rownum as rnum, mem_id, review_content, review_star, review_jdate, review_num from review_da where proj_num = #{proj_num} order by review_num desc) 
		where rnum between #{startRow} and #{endRow}
	]]>
		</if>
		
		<if test = "tableName =='permissionlistmember'.toString()">
  	<![CDATA[  
		select rnum, a.*from(select  rownum as rnum, mem_id, mem_name, mem_gender, mem_email, mem_ph, to_char(mem_birth, 'yy-mm-dd') as mem_birth, mem_zip, mem_addr1, mem_addr2 
		from member_da where mem_ok = 1
	]]>
  			<if test = "keyword != null">
       		<choose>  
          		<when test="type == 'mem_id'"> AND mem_id like '%'||#{keyword}||'%' </when>
          		<when test="type == 'mem_name'"> AND mem_name like '%'||#{keyword}||'%' </when>
       		</choose>
  			</if>
		)a where rnum between #{startRow} and #{endRow}
		
	   </if>
	   
  		<if test = "tableName == 'memberlist'.toString()">
  	<![CDATA[  
		select rnum, a.*from(select rownum as rnum, mem_id, mem_name, mem_gender, mem_email, mem_ph, to_char(mem_birth, 'yy-mm-dd') as mem_birth, mem_zip, mem_addr1, mem_addr2, gra_num
		from member_da  where not gra_num = 3
	]]>
  			<if test = "keyword != null">
       		<choose>  
          		<when test="type == 'mem_id'"> and mem_id like '%'||#{keyword}||'%' </when>
          		<when test="type == 'mem_name'"> and mem_name like '%'||#{keyword}||'%' </when>
       		</choose>
  			</if>
  			
		)a where rnum between #{startRow} and #{endRow}
	   </if>
  		
  		
  </select>
  
<!--  글수 -->
<select id = "getTotalRow"  parameterType="ListVo" resultType = "int">

  	<if test = "tableName == 'productlist'.toString()">
  	 select count(*) as totalrow
  	 from project_da
	  	<if test = "keyword != null">
	  	where proj_name like '%'||#{keyword}||'%'
  	</if>
  	</if>

  	<if test = "tableName == 'memberlist'.toString()"> 
  	  select count(*) as totalrow
  	  from member_da where not gra_num = 3
	  	<if test = "keyword != null">
	       <choose>  
	          <when test="type == 'mem_id'"> and mem_id like '%'||#{keyword}||'%' </when>
	          <when test="type == 'mem_name'"> and mem_name like '%'||#{keyword}||'%' </when>
	       </choose>
	  	</if>  	  
  	</if>

  	<if test = "tableName == 'permissionlistmember'.toString()">
  	 select count(*) as totalrow
  	 from member_da
  	 where mem_ok = 1
  	<if test = "keyword != null">
       <choose>  
          <when test="type == 'mem_id'"> and mem_id like '%'||#{keyword}||'%' </when>
          <when test="type == 'mem_name'"> and mem_name like '%'||#{keyword}||'%' </when>
       </choose>
  	</if>
  	</if>

  	<if test = "tableName == 'UploadList'.toString()">	
		select count(*) AS totalrow
		from project_da
		where mem_id = #{mem_id}
	<if test = "keyword != null">
		and proj_name like '%'||#{keyword}||'%'
 	</if>
	</if>
	
	<if test = "tableName == 'orderManagement'.toString()">
		select count(*) as totalrow
		from project_join_da join member_da using(mem_id)
		where proj_num = #{proj_num}
	<if test = "keyword != null">
       <choose>  
          <when test="type == 'join_delivery'"> AND join_delivery like '%'||#{keyword}||'%' </when>
          <when test="type == 'mem_id'"> AND mem_id like '%'||#{keyword}||'%' </when>
          <when test="type == 'mem_name'">AND mem_name like '%'||#{keyword}||'%' </when>
       </choose>
	</if>
	</if>
	
<if test = "tableName == 'orderlist'.toString()">	
select count(*) from project_join_da  join(select proj_num, proj_name from project_da) using(proj_num) where mem_id = #{mem_id}
		<if test = "keyword != null">
		and proj_name like '%'||#{keyword}||'%'
		</if>
		</if>
		
		<if test = "tableName == 'reviewlist'.toString()">		
	select count(*) AS totalrow
	from review_da
	where proj_num = #{proj_num}
		</if>

	
	
</select>

<select id = "test" parameterType="String" resultType="Project_daVo">
select * from((select proj_num, proj_name, proj_tm, proj_count, proj_img_1, proj_jdate
from project_da where mem_id = #{mem_id}) left outer join (select proj_num, nvl(trunc(avg(review_star),0),0) as review_star_avg 
from review_da group by proj_num) using(proj_num))
</select>

<update id = "deliveryUpdate" parameterType="Project_join_daVo">
update project_join_da set join_delivery = #{join_delivery} where join_num = #{join_num}
</update>

<update id = "productCountUpdate" parameterType="Project_daVo">
update project_da set proj_count = #{proj_count} where proj_num = #{proj_num}
</update>


<select id = "mem_ok" parameterType="String" resultType="String">
select mem_ok from member_da where mem_id = #{mem_id}
</select>

<!--  판매권한 신청입력 -->
<insert id = "permission">
insert into career_da(car_num, mem_id, car_sdate, car_fdate, car_org, car_act)
values(car_num.nextval, #{mem_id}, #{car_sdate}, #{car_fdate}, #{car_org}, #{car_act})
</insert>


<!--  판매권한 신청 입력 -->
<update id = "permissionupdate" parameterType="String">
 update member_da set mem_ok = 1 where mem_id = #{mem_id}
</update>

<!--  신청자 리스트 가지고오기 -->
<select id = "permissionmember" resultType="Member_daVo">
select * from member_da where mem_ok = 1
</select>

<!--  신청자 리스트 내용가지고오기 -->
<select id = "permissionupdateform"  parameterType="String"  resultType="Career_daVo">
<![CDATA[  
	select mem_id, to_char(car_sdate, 'yy-mm-dd') as car_sdate, to_char(car_fdate, 'yy-mm-dd') as car_fdate, car_org, car_act from career_da where mem_id = #{mem_id}
]]>
</select>


<!--  판매권한 승인 -->
<update id = "permissionok" parameterType="String">
 update member_da set mem_ok = 0, gra_num = 2 where mem_id = #{mem_id}
</update>

<!--  판매권한 거절 -->
<update id = "permissionfail" parameterType="String">
update member_da set mem_ok = 0 where mem_id = #{mem_id}
</update>





  <!--  관리자 입장 회원 삭제, 개인 회원 회원 삭제 -->
  <delete id = "memberDel" parameterType="String">
{
  CALL
  declare
    BEGIN
          delete from shopping_basket_da where mem_id = #{mem_id};
          delete from career_da where mem_id = #{mem_id};
          delete from review_da where mem_id = #{mem_id};
          delete from project_join_da where mem_id = #{mem_id};
          delete from project_da where mem_id = #{mem_id};
          delete from member_da where mem_id = #{mem_id};
    END
}
  </delete>


<!--  개인회원 패스워트 비교 -->
<select id = "passokConfirm" parameterType="String" resultType="String">
select mem_pwd from member_da where mem_id = #{mem_id}
</select>


<!-- 내 정보 보기 -->
<select id = "myinfoform" parameterType="String" resultType="Member_daVo">
<![CDATA[  
select rpad(substr(mem_pwd, 1,2), length(mem_pwd),'*') as mem_pwd, mem_name, mem_ph, mem_email, mem_zip, mem_addr1, mem_addr2, to_char(mem_birth, 'yy-mm-dd') as mem_birth from member_da where mem_id  = #{mem_id}
]]>
</select>


<!--  내 정보 수정 -->
<update id = "myinfoupdate"  parameterType="Member_daVo">
update member_da set mem_name = #{mem_name}, mem_ph = #{mem_ph}, mem_email = #{mem_email}, mem_zip = #{mem_zip}, mem_addr1 =  #{mem_addr1}, mem_addr2 = #{mem_addr2} where mem_id = #{mem_id}
</update>



</mapper>