<?xml version="1.0" encoding="UTF-8"?>

<!DOCTYPE mapper PUBLIC "-//mybatis.org//DTD Mapper 3.0//EN" "http://mybatis.org/dtd/mybatis-3-mapper.dtd">

<mapper namespace="com.dla.daisseo.mapper.ProductMapper">
<!--  상품 등록 -->
<insert id = "insertProduct">
	insert into project_da(proj_num, proj_name, proj_tm, proj_simplecont, proj_img_1, proj_img_2, proj_img_3, proj_jdate, proj_count, proj_delok, mem_id, typ_num)
	values(proj_num.nextval, #{proj_name}, #{proj_tm}, #{proj_simplecont}, #{proj_img_1}, #{proj_img_2}, #{proj_img_3}, sysdate, #{proj_count}, #{proj_delok}, #{mem_id}, #{typ_num})
</insert>


<!--  상품목록 인기상품 -->
<select id = "list"  parameterType="Project_daVo" resultType="Project_daVo">
<![CDATA[
select proj_num, proj_name, proj_tm, proj_count, proj_img_1, nvl(review_star_avg, 0) as review_star_avg from project_da
left outer join (select proj_num ,trunc(avg(review_star),0) as review_star_avg from review_da group by proj_num) using(proj_num)
left outer join (select proj_num, sum(join_count) as join_count from project_join_da group by proj_num order by join_count desc) using(proj_num) where rownum <= 4
]]>
</select>

<!--  상품목록 최신상품 -->
<select id = "newprolist"   parameterType="Project_daVo" resultType="Project_daVo">
<![CDATA[
select * from(select proj_num, proj_name, proj_tm, proj_count, proj_img_1, proj_jdate, nvl(review_star_avg,0) as review_star_avg 
from project_da left outer join (select proj_num, trunc(avg(review_star),0) as review_star_avg from review_da group by proj_num) using(proj_num) order by proj_jdate desc) 
where rownum <=4
]]> 

</select>

<!--  리뷰 상품 -->
<select id = "reviewprolist"   parameterType="Project_daVo" resultType="Project_daVo">
<![CDATA[
select proj_num, proj_name, proj_tm, proj_count, proj_img_1, nvl(review_star_avg,0) as review_star_avg  from project_da
left outer join (select proj_num ,trunc(avg(review_star),0) as review_star_avg, count(review_content) as review_count from review_da group by proj_num order by review_count desc) 
using(proj_num) where rownum <= 4
]]>
</select>


<!--  타입 -->
<select id = "typelist" parameterType="type_daVo" resultType="type_daVo" >
	select * from type_da where typ_num = #{typ_num}
</select>

	<!--  서브메인 검색 및 카테고리별 페이지 List -->
	<select id = "sublist"  parameterType="map" resultType="Project_daVo">
	
		<if test = "search == null and typ_num == 0">
select proj_num, proj_name, proj_tm, proj_count, proj_img_1, nvl(review_star_avg, 0) as review_star_avg  from project_da
left outer join (select proj_num, trunc(avg(review_star),0) as review_star_avg from review_da group by proj_num) using(proj_num)
		</if>
		
		<if test = "search != null and typ_num == 0">
select proj_num, proj_name, proj_tm, proj_count, proj_img_1, nvl(review_star_avg, 0) as review_star_avg  from project_da
left outer join (select proj_num ,trunc(avg(review_star),0) as review_star_avg from review_da group by proj_num) using(proj_num) where proj_name like '%'||#{search}||'%'
		</if>
		
		<if test = "search == null and typ_num != 0">
select proj_num, proj_name, proj_tm, proj_count, proj_img_1, nvl(review_star_avg, 0) as review_star_avg  from project_da
left outer join (select proj_num ,trunc(avg(review_star),0) as review_star_avg from review_da group by proj_num) using(proj_num) join type_da using(typ_num)  
where typ_num = #{typ_num}
		</if>
		
		<if test = "search != null and typ_num != 0">
select proj_num, proj_name, proj_tm, proj_count, proj_img_1, nvl(review_star_avg, 0) as review_star_avg from project_da
left outer join (select proj_num ,trunc(avg(review_star),0) as review_star_avg from review_da group by proj_num) using(proj_num) join type_da using(typ_num)  
where typ_num = #{typ_num} and proj_name like '%'||#{search}||'%'
		</if>
	
	</select>
	

<!-- 상품상세내역 -->
<select id = "productcontent" parameterType="Project_daVo" resultType="Project_daVo">
select proj_num, proj_img_2, proj_img_3, proj_name, proj_tm, proj_count, proj_delok, proj_simplecont, nvl(review_star_avg, 0) as review_star_avg
from project_da left outer join (select proj_num, trunc(avg(review_star),0) as review_star_avg from review_da group by proj_num) using(proj_num) where proj_num = #{proj_num}
</select>


<!-- 장바구니 담기 -->
	<insert id = "addCart">
		insert into shopping_basket_da (bas_num, mem_id, proj_num, bas_count, bas_date)
		values (bas_num.nextval, #{mem_id}, #{proj_num}, #{bas_count}, sysdate)
	</insert>	
<!--  상품 내용에서 구매하기 -->	
	<insert id="contentOrder">
	insert into project_join_da (join_num, proj_num, mem_id, join_jdate, join_count, join_amount)
	values(#{join_num}, #{proj_num}, #{mem_id}, sysdate, #{join_count}, #{join_amount})
	</insert>

<!--  리뷰 댓글 입력 -->
<insert id = "writerReview" keyProperty = "review_num">
	<selectKey keyProperty = "review_num" resultType = "int" order = "BEFORE">
	select coalesce(max(review_num),0)+1 as review_num
	from review_da
	</selectKey>
	insert into review_da (review_num, proj_num, review_content, review_jdate, review_star, mem_id)
	values (#{review_num}, #{proj_num}, #{review_content}, sysdate, #{star}, #{mem_id})
</insert>

  <!--  주문해야만 리뷰를 쓸수있음 -->
  <select id = "orderSelect" parameterType="map" resultType="int">
	select count(*) from project_join_da where mem_id = #{mem_id} and proj_num = #{proj_num} 
  </select>

<!--  리뷰한번만 쓸수 있게 확인 해주는 쿼리 -->
<select id = "reviewConfirm" parameterType="Review_daVo" resultType="int">
   select count(*) from review_da where proj_num = #{proj_num} and mem_id = #{mem_id}
</select>

  
  <!--  내가  쓴 리뷰 삭제 -->
  <delete id = "reviewDel" parameterType="int">
  delete from review_da where review_num = #{review_num}
  </delete>
  
  <!--  내가 쓴 리뷰 찾기 -->
  <select id = "reviewnum" parameterType="Review_daVo" resultType="String">
  <![CDATA[
  select nvl(review_num,0) as review_num from review_da where  mem_id = #{mem_id} and review_num = #{review_num}
  ]]> 
  </select>
  
  
  

<!--  해당 상품번호의 판매자 -->
<select id = "productupid" parameterType ="Project_daVo" resultType = "int">
select count(*) as a from project_da where proj_num= #{proj_num} and mem_id = #{mem_id}
</select>

<!--  상품삭제 -->
  <delete id = "productDel" parameterType ="int">
{
  CALL
  declare
    BEGIN
          delete from shopping_basket_da where proj_num = #{proj_num};
          delete from review_da where proj_num = #{proj_num};
          delete from project_join_da where proj_num = #{proj_num};
          delete from project_da where proj_num = #{proj_num};
    END
}
  </delete>








</mapper>
